t_s,calib_sys,calib_gyro,calib_accel,calib_mag,heading,roll,pitch,ax,ay,az
1.346,0,0,0,0,0.06,0.06,0.0,-0.32,-0.24,-0.25
1.460,0,0,0,0,0.19,-2.06,2.44,0.05,0.2,-0.24
1.576,0,0,0,0,359.94,-1.88,2.81,0.01,0.25,-0.25
1.690,0,0,0,0,359.94,-1.5,2.88,-0.08,0.25,-0.25
1.806,0,0,0,0,359.31,-0.88,1.25,-0.17,-0.01,-0.23
1.921,0,0,0,0,359.44,-0.88,0.81,-0.16,-0.12,-0.25
2.037,0,0,0,0,359.5,-0.94,1.44,-0.13,0.0,-0.27
2.151,0,0,0,0,359.5,-0.94,2.75,-0.16,0.19,-0.24
2.265,0,0,0,0,359.5,-0.81,2.06,-0.2,0.07,-0.24
2.379,0,0,0,0,359.75,-0.88,1.94,-0.2,0.09,-0.25
2.493,0,0,0,0,359.88,-1.06,2.56,-0.14,0.21,-0.26
2.608,0,0,0,0,359.88,-1.19,1.25,-0.12,-0.03,-0.25
2.722,0,0,0,0,359.75,-1.44,1.0,-0.03,-0.08,-0.25
2.837,0,0,0,0,359.69,-1.5,0.56,-0.06,-0.17,-0.26
2.953,0,0,0,0,359.81,-1.44,0.75,-0.07,-0.15,-0.27
3.067,0,0,0,0,359.81,-1.62,0.38,-0.04,-0.22,-0.25
3.181,0,0,0,0,359.81,-1.75,0.12,-0.01,-0.25,-0.25
3.296,0,0,0,0,0.06,-1.62,0.69,-0.02,-0.15,-0.27
3.411,0,0,0,0,0.06,-1.62,0.12,-0.04,-0.23,-0.25
3.526,0,0,0,0,0.12,-1.44,0.0,-0.1,-0.29,-0.25
3.641,0,0,0,0,0.19,-1.44,-0.12,-0.09,-0.29,-0.25
3.757,0,0,0,0,0.19,-1.44,1.06,-0.11,-0.1,-0.26
3.872,0,0,0,0,0.12,-1.38,0.88,-0.1,-0.11,-0.24
3.986,0,0,0,0,0.19,-1.25,1.0,-0.11,-0.12,-0.25
4.101,0,0,0,0,0.19,-1.31,0.44,-0.1,-0.19,-0.28
4.215,0,0,0,0,359.94,-1.5,0.31,-0.05,-0.22,-0.26
4.329,0,0,0,0,359.94,-1.44,0.31,-0.1,-0.18,-0.25
4.443,0,0,0,0,0.0,-1.56,-0.25,-0.06,-0.28,-0.25
4.557,0,0,0,0,359.94,-1.69,-1.25,-0.07,-0.45,-0.27
4.674,0,0,0,0,0.06,-1.81,-0.69,-0.05,-0.39,-0.24
4.788,0,0,0,0,0.06,-1.94,-0.94,-0.01,-0.41,-0.25
4.904,0,0,0,0,359.94,-2.06,-0.25,0.08,-0.29,-0.25
5.018,0,0,0,0,359.81,-1.94,0.31,0.01,-0.2,-0.26
5.132,0,0,0,0,359.75,-1.88,0.12,-0.03,-0.29,-0.25
5.246,0,0,0,0,359.5,-2.19,0.56,0.07,-0.23,-0.24
5.361,0,0,0,0,359.56,-1.94,1.06,0.02,-0.1,-0.26
5.477,0,0,0,0,359.44,-2.0,1.56,-0.01,-0.02,-0.25
5.592,0,0,0,0,359.38,-1.88,0.25,-0.04,-0.23,-0.24
5.708,0,0,0,0,359.5,-1.75,0.75,-0.02,-0.16,-0.22
5.822,0,0,0,0,359.31,-1.81,0.81,0.0,-0.17,-0.25
5.936,0,0,0,0,359.25,-1.69,2.06,-0.05,0.06,-0.23
6.050,0,0,0,0,359.19,-1.44,1.5,-0.1,-0.03,-0.24
6.164,0,0,0,0,359.31,-1.31,1.06,-0.09,-0.13,-0.25
6.280,0,0,0,0,359.25,-1.31,1.5,-0.12,-0.06,-0.24
6.394,0,0,0,0,359.5,-1.31,1.12,-0.11,-0.1,-0.24
6.510,0,0,0,0,359.44,-1.44,1.69,-0.13,-0.02,-0.23
6.625,0,0,0,0,359.38,-1.12,1.12,-0.14,-0.11,-0.24
6.739,0,0,0,0,359.12,-1.19,1.25,-0.08,-0.12,-0.23
6.853,0,0,0,0,359.06,-1.31,1.38,-0.14,-0.07,-0.25
6.967,0,0,0,0,359.06,-1.31,0.75,-0.13,-0.16,-0.24
7.083,0,0,0,0,359.12,-1.31,0.31,-0.11,-0.24,-0.26
7.197,0,0,0,0,358.88,-1.31,0.56,-0.12,-0.19,-0.25
7.312,0,0,0,0,358.94,-1.25,1.0,-0.14,-0.11,-0.26
7.428,0,0,0,0,358.75,-1.25,1.12,-0.11,-0.09,-0.25
7.542,0,0,0,0,358.69,-1.12,0.88,-0.17,-0.13,-0.25
7.656,0,0,0,0,358.75,-1.0,1.56,-0.15,-0.03,-0.23
7.771,0,0,0,0,358.88,-1.25,0.81,-0.14,-0.18,-0.25
7.887,0,0,0,0,358.62,-1.19,0.62,-0.13,-0.19,-0.26
8.001,0,0,0,0,358.81,-1.19,0.38,-0.1,-0.22,-0.24
8.116,0,0,0,0,358.81,-1.25,1.25,-0.07,-0.1,-0.26
8.232,0,0,0,0,358.75,-1.25,0.88,-0.12,-0.18,-0.27
8.346,0,0,0,0,358.75,-1.38,1.81,-0.1,-0.01,-0.25
8.460,0,0,0,0,358.62,-1.38,2.56,-0.08,0.12,-0.25
8.575,0,0,0,0,358.69,-1.44,2.06,-0.07,0.05,-0.27
8.690,0,0,0,0,358.75,-1.44,2.31,-0.1,0.14,-0.23
8.804,0,0,0,0,358.94,-1.38,1.56,-0.14,0.01,-0.23
8.919,0,0,0,0,358.88,-1.44,1.31,-0.11,-0.06,-0.24
9.034,0,0,0,0,358.88,-1.44,1.75,-0.11,0.0,-0.25
9.149,0,0,0,0,359.25,-1.5,2.19,-0.07,0.08,-0.23
9.264,0,0,0,0,359.5,-1.62,2.0,-0.06,0.03,-0.24
9.379,0,0,0,0,359.62,-1.5,2.69,-0.1,0.14,-0.26
9.493,0,0,0,0,359.69,-1.44,3.31,-0.07,0.25,-0.25
9.607,0,0,0,0,359.81,-1.5,2.75,-0.07,0.19,-0.25
9.722,0,0,0,0,359.62,-1.44,1.69,-0.06,0.11,-0.23
9.838,0,0,0,0,359.62,-1.56,1.5,-0.07,0.0,-0.25
9.953,0,0,0,0,359.38,-1.5,2.69,-0.11,0.16,-0.23
10.067,0,0,0,0,359.38,-1.62,2.25,-0.07,0.09,-0.25
10.183,0,0,0,0,359.25,-1.69,3.0,-0.08,0.21,-0.23
10.298,0,0,0,0,359.44,-1.75,2.94,-0.03,0.2,-0.25
10.411,0,0,0,0,359.31,-1.62,3.88,-0.05,0.36,-0.2
10.526,0,0,0,0,359.25,-1.94,3.62,-0.01,0.25,-0.22
10.641,0,0,0,0,359.25,-1.88,2.44,-0.02,0.12,-0.25
10.757,0,0,0,0,359.31,-1.88,2.88,-0.01,0.19,-0.23
10.871,0,0,0,0,359.38,-1.81,2.81,-0.04,0.17,-0.24
10.987,0,0,0,0,359.38,-1.81,3.62,-0.06,0.34,-0.22
11.102,0,0,0,0,359.12,-1.75,3.5,-0.06,0.3,-0.22
11.216,0,0,0,0,359.19,-1.81,3.44,-0.07,0.27,-0.21
11.330,0,0,0,0,359.25,-1.81,3.75,0.0,0.48,-0.25
11.445,0,0,0,0,359.25,-1.69,3.88,-0.05,0.3,-0.25
11.561,0,0,0,0,359.25,-1.5,3.06,-0.08,0.2,-0.24
11.675,0,0,0,0,359.38,-1.38,1.88,-0.11,0.01,-0.25
11.791,0,0,0,0,359.5,-1.38,2.62,-0.15,0.15,-0.25
11.905,0,0,0,0,359.25,-1.38,2.06,-0.1,0.07,-0.26
12.020,0,0,0,0,359.5,-1.25,1.31,-0.15,-0.03,-0.25
12.134,0,0,0,0,359.56,-1.25,0.75,-0.16,-0.11,-0.26
12.249,0,0,0,0,359.62,-1.06,1.31,-0.19,-0.08,-0.25
12.365,0,0,0,0,359.56,-1.19,0.25,-0.14,-0.24,-0.24
12.480,0,0,0,0,359.62,-1.25,0.38,-0.15,-0.21,-0.24
12.596,0,0,0,0,359.75,-1.38,1.38,-0.1,-0.05,-0.25
12.710,0,0,0,0,359.69,-1.38,2.06,-0.13,0.04,-0.24
12.824,0,0,0,0,359.69,-1.44,3.0,-0.19,0.23,-0.23
12.939,0,0,0,0,359.38,-1.31,1.56,-0.11,0.07,-0.24
13.054,0,0,0,0,359.31,-1.25,2.81,-0.06,0.14,-0.26
13.170,0,0,0,0,359.38,-1.06,3.69,-0.24,0.31,-0.24
13.284,0,0,0,0,359.38,-1.25,3.19,-0.15,0.23,-0.22
13.400,0,0,0,0,359.31,-1.38,3.81,-0.13,0.35,-0.23
13.514,0,0,0,0,359.44,-1.44,4.88,-0.11,0.52,-0.21
13.628,0,0,0,0,359.44,-1.38,3.31,-0.16,0.26,-0.21
13.742,0,0,0,0,359.38,-1.44,3.5,-0.07,0.35,-0.22
13.856,0,0,0,0,359.81,-1.12,2.44,-0.14,0.15,-0.25
13.973,0,0,0,0,359.94,-1.12,2.19,-0.17,0.08,-0.22
14.086,0,0,0,0,0.0,-1.19,1.88,-0.13,0.04,-0.24
14.201,0,0,0,0,359.94,-1.31,2.25,-0.12,0.08,-0.24
14.316,0,0,0,0,359.94,-1.31,1.5,-0.16,0.0,-0.25
14.430,0,0,0,0,359.81,-1.25,2.0,-0.15,0.05,-0.22
14.544,0,0,0,0,359.75,-1.12,1.25,-0.12,-0.1,-0.24
14.659,0,0,0,0,359.69,-1.0,1.25,-0.17,-0.14,-0.26
14.774,0,0,0,0,359.62,-1.06,1.38,-0.19,-0.12,-0.24
14.888,0,0,0,0,359.44,-1.25,0.31,-0.15,-0.27,-0.25
15.003,0,0,0,0,359.38,-1.19,0.31,-0.09,-0.24,-0.25
15.120,0,0,0,0,359.44,-1.38,0.69,-0.14,-0.18,-0.25
15.234,0,0,0,0,359.44,-1.31,0.25,-0.1,-0.24,-0.23
15.348,0,0,0,0,359.31,-1.25,0.31,-0.11,-0.22,-0.24
15.463,0,0,0,0,359.0,-1.69,0.75,-0.03,-0.15,-0.25
15.578,0,0,0,0,358.88,-1.62,0.94,-0.06,-0.16,-0.26
15.692,0,0,0,0,358.75,-1.56,0.75,-0.08,-0.23,-0.24
15.807,0,0,0,0,358.75,-1.56,-0.19,-0.07,-0.34,-0.25
15.924,0,0,0,0,358.75,-1.5,-0.88,-0.11,-0.46,-0.26
16.038,0,0,0,0,358.75,-1.62,-0.19,-0.09,-0.31,-0.25
16.152,0,0,0,0,358.69,-1.62,-0.88,-0.08,-0.43,-0.26
16.267,0,0,0,0,358.81,-1.62,-1.75,-0.08,-0.58,-0.24
16.382,0,0,0,0,358.75,-1.81,-1.44,-0.01,-0.5,-0.25
16.496,0,0,0,0,358.81,-1.69,-1.69,-0.04,-0.56,-0.25
16.610,0,0,0,0,358.81,-1.56,-1.75,-0.11,-0.59,-0.25
16.726,0,0,0,0,358.88,-1.5,-1.25,-0.09,-0.48,-0.27
16.841,0,0,0,0,359.06,-1.88,-2.0,-0.04,-0.62,-0.23
16.955,0,0,0,0,358.81,-1.81,-1.69,-0.04,-0.58,-0.23
17.071,0,0,0,0,358.5,-1.69,-0.81,-0.08,-0.43,-0.26
17.185,0,0,0,0,358.44,-1.56,-0.69,-0.07,-0.42,-0.26
17.300,0,0,0,0,358.25,-1.44,-1.75,-0.1,-0.57,-0.25
17.413,0,0,0,0,358.31,-1.56,0.62,-0.07,-0.18,-0.25
17.530,0,0,0,0,358.44,-1.56,0.0,-0.07,-0.28,-0.27
17.645,0,0,0,0,358.38,-1.5,-0.5,-0.07,-0.37,-0.23
17.759,0,0,0,0,358.56,-1.56,0.12,-0.08,-0.29,-0.25
17.875,0,0,0,0,358.62,-1.5,0.75,-0.07,-0.19,-0.25
17.989,0,0,0,0,358.44,-1.56,1.31,-0.03,-0.07,-0.25
18.103,0,0,0,0,358.38,-1.62,0.69,-0.07,-0.17,-0.25
18.217,0,0,0,0,358.38,-1.56,0.31,-0.04,-0.29,-0.26
18.333,0,0,0,0,358.44,-1.5,0.0,-0.06,-0.3,-0.25
18.449,0,0,0,0,358.31,-1.38,-1.12,-0.11,-0.47,-0.24
18.563,0,0,0,0,358.38,-1.31,-0.56,-0.09,-0.41,-0.24
18.679,0,0,0,0,358.5,-1.56,0.56,-0.04,-0.2,-0.25
18.793,0,0,0,0,358.62,-1.31,-0.81,-0.11,-0.45,-0.25
18.907,0,0,0,0,358.56,-1.44,-1.75,-0.08,-0.58,-0.24
19.021,0,0,0,0,358.56,-1.5,-1.62,-0.07,-0.66,-0.25
19.137,0,0,0,0,358.5,-1.44,-1.25,-0.07,-0.51,-0.24
19.253,0,0,0,0,358.56,-1.56,-1.69,-0.06,-0.59,-0.25
19.367,0,0,0,0,358.44,-1.56,-0.75,-0.06,-0.43,-0.25
19.483,0,0,0,0,358.5,-1.44,-1.19,-0.11,-0.52,-0.25
19.597,0,0,0,0,358.38,-1.31,-1.31,-0.1,-0.51,-0.25
19.711,0,0,0,0,358.38,-1.06,-0.94,-0.13,-0.46,-0.25
19.825,0,0,0,0,358.38,-1.0,0.25,-0.17,-0.22,-0.23
19.941,0,0,0,0,358.44,-1.06,0.62,-0.16,-0.2,-0.28
20.057,0,0,0,0,358.31,-1.0,-0.62,-0.17,-0.39,-0.25
20.171,0,0,0,0,358.31,-1.06,-0.44,-0.13,-0.38,-0.26
20.287,0,0,0,0,358.25,-1.06,-0.69,-0.15,-0.42,-0.25
20.401,0,0,0,0,358.19,-1.12,-1.19,-0.13,-0.52,-0.23
20.515,0,0,0,0,358.19,-1.25,0.12,-0.13,-0.27,-0.25
20.629,0,0,0,0,358.12,-1.31,-0.69,-0.11,-0.27,-0.25
20.744,0,0,0,0,358.19,-1.38,0.94,-0.08,-0.13,-0.25
20.861,0,0,0,0,358.25,-1.25,-0.06,-0.13,-0.31,-0.25
20.975,0,0,0,0,358.19,-1.38,-0.88,-0.08,-0.44,-0.24
21.091,0,0,0,0,358.5,-1.44,-1.44,-0.06,-0.54,-0.23
21.205,0,0,0,0,358.44,-1.31,-0.06,-0.12,-0.31,-0.26
21.319,0,0,0,0,358.38,-1.19,0.0,-0.17,-0.32,-0.25
21.433,0,0,0,0,358.38,-1.25,-1.25,-0.12,-0.5,-0.25
21.547,0,0,0,0,358.38,-1.25,-0.81,-0.11,-0.43,-0.26
21.663,0,0,0,0,358.25,-1.31,-1.0,-0.08,-0.46,-0.25
21.777,0,0,0,0,358.12,-1.25,0.25,-0.13,-0.26,-0.25
21.891,0,0,0,0,358.06,-1.38,0.06,-0.09,-0.28,-0.25
22.007,0,0,0,0,358.12,-2.0,-0.56,0.01,-0.4,-0.25
22.122,0,0,0,0,358.06,-1.88,-0.62,-0.02,-0.38,-0.26
22.235,0,0,0,0,358.0,-1.75,-0.94,-0.05,-0.44,-0.24
22.349,0,0,0,0,357.88,-1.69,0.69,-0.02,-0.18,-0.27
22.465,0,0,0,0,357.94,-1.38,1.62,-0.08,0.0,-0.25
22.580,0,0,0,0,357.56,-1.5,1.88,-0.11,0.02,-0.23
22.695,0,0,0,0,357.62,-1.56,1.75,-0.08,-0.02,-0.25
22.811,0,0,0,0,357.75,-1.5,1.12,-0.05,-0.09,-0.28
22.925,0,0,0,0,357.75,-1.44,1.75,-0.05,0.01,-0.24
23.039,0,0,0,0,357.69,-1.31,0.94,-0.08,-0.15,-0.25
23.153,0,0,0,0,357.44,-1.38,2.38,-0.08,0.1,-0.24
23.269,0,0,0,0,357.25,-1.25,2.0,-0.09,0.05,-0.23
23.383,0,0,0,0,357.38,-1.31,3.44,-0.07,0.27,-0.23
23.498,0,0,0,0,357.56,-1.38,4.81,-0.08,0.51,-0.24
23.614,0,0,0,0,357.56,-1.38,4.31,-0.06,0.44,-0.23
23.729,0,0,0,0,357.31,-1.31,5.12,-0.05,0.57,-0.21
23.843,0,0,0,0,357.25,-1.19,4.88,-0.1,0.54,-0.24
23.958,0,0,0,0,357.38,-1.19,4.94,-0.1,0.54,-0.21
24.073,0,0,0,0,357.25,-1.0,4.06,-0.15,0.37,-0.24
24.187,0,0,0,0,357.31,-1.19,4.62,-0.11,0.47,-0.22
24.302,0,0,0,0,357.25,-1.62,5.81,-0.02,0.69,-0.2
24.418,0,0,0,0,357.06,-1.44,6.0,-0.06,0.75,-0.21
24.533,0,0,0,0,357.06,-1.5,4.94,-0.05,0.55,-0.21
24.647,0,0,0,0,357.12,-1.19,3.0,-0.1,0.24,-0.24
24.762,0,0,0,0,357.25,-1.19,1.56,-0.12,-0.01,-0.27
24.876,0,0,0,0,357.25,-0.88,1.56,-0.09,0.01,-0.25
24.991,0,0,0,0,357.06,-0.69,1.62,-0.15,-0.01,-0.25
25.105,0,0,0,0,357.19,-0.75,1.31,-0.18,-0.06,-0.25
25.221,0,0,0,0,357.19,-0.69,1.94,-0.18,0.03,-0.25
25.335,0,0,0,0,357.06,-0.56,2.38,-0.18,0.11,-0.25
25.450,0,0,0,0,357.12,-0.5,2.88,-0.2,0.17,-0.24
25.565,0,0,0,0,357.19,-0.5,3.44,-0.21,0.27,-0.26
25.680,0,0,0,0,357.19,-0.69,3.19,-0.13,0.2,-0.23
25.794,0,0,0,0,357.19,-0.75,3.69,-0.15,0.31,-0.25
25.908,0,0,0,0,357.12,-0.88,3.44,-0.14,0.36,-0.25
26.024,0,0,0,0,357.19,-0.75,3.75,-0.11,0.33,-0.24
26.140,0,0,0,0,357.38,-0.75,4.19,-0.18,0.4,-0.22
26.254,0,0,0,0,357.12,-0.94,3.88,-0.15,0.36,-0.23
26.370,0,0,0,0,356.94,-0.69,3.69,-0.16,0.32,-0.23
26.484,0,0,0,0,356.88,-0.69,4.75,-0.14,0.52,-0.21
26.598,0,0,0,0,356.75,-0.88,3.25,-0.15,0.26,-0.25
26.713,0,0,0,0,356.81,-0.94,3.56,-0.14,0.32,-0.25
26.828,0,0,0,0,356.75,-0.94,3.0,-0.18,0.22,-0.25
26.944,0,0,0,0,356.69,-1.06,2.56,-0.13,0.12,-0.25
27.058,0,0,0,0,356.62,-1.0,3.69,-0.1,0.33,-0.24
27.174,0,0,0,0,356.69,-1.0,4.31,-0.16,0.46,-0.22
27.288,0,0,0,0,356.81,-1.0,3.81,-0.14,0.37,-0.24
27.402,0,0,0,0,356.69,-1.25,4.06,-0.08,0.38,-0.25
27.516,0,0,0,0,356.62,-1.19,4.19,-0.08,0.46,-0.22
27.632,0,0,0,0,356.56,-1.25,3.75,-0.08,0.31,-0.25
27.747,0,0,0,0,356.44,-1.31,4.5,-0.05,0.44,-0.23
27.862,0,0,0,0,356.31,-1.25,4.38,-0.07,0.43,-0.22
27.978,0,0,0,0,356.25,-1.44,5.44,-0.12,0.64,-0.2
28.092,0,0,0,0,356.12,-1.56,4.0,-0.02,0.38,-0.25
28.206,0,0,0,0,355.88,-1.38,2.44,-0.05,0.15,-0.25
28.320,0,0,0,0,355.88,-1.38,3.19,-0.05,0.26,-0.24
28.435,0,0,0,0,356.12,-1.31,4.12,-0.06,0.4,-0.23
28.551,0,0,0,0,356.25,-1.19,2.56,-0.08,0.13,-0.24
28.666,0,0,0,0,356.38,-1.19,2.88,-0.06,0.17,-0.25
28.782,0,0,0,0,356.12,-1.25,3.44,-0.06,0.31,-0.23
28.896,0,0,0,0,356.31,-1.38,4.5,-0.03,0.44,-0.24
29.010,0,0,0,0,356.38,-1.38,4.31,-0.06,0.45,-0.23
29.124,0,0,0,0,356.44,-1.38,4.38,-0.04,0.49,-0.23
29.239,0,0,0,0,356.38,-1.31,5.62,-0.07,0.67,-0.23
29.355,0,0,0,0,356.5,-1.25,5.88,-0.09,0.68,-0.21
29.470,0,0,0,0,356.44,-1.44,5.06,-0.08,0.57,-0.22
29.586,0,0,0,0,356.44,-1.38,4.25,-0.03,0.42,-0.21
29.701,0,0,0,0,356.31,-1.25,3.0,-0.05,0.19,-0.25
29.815,0,0,0,0,356.38,-1.25,3.75,-0.07,0.33,-0.25
29.929,0,0,0,0,356.19,-1.06,3.0,-0.07,0.34,-0.24
30.044,0,0,0,0,356.06,-0.88,4.56,-0.08,0.46,-0.24
